{"countUnloaded":9,"countLoose":8,"countLiquid":1,"countContainer":1,"totalFine":10749600,"sumWaitDuration":65.0,"avrWaitDuration":7.222222222222222,"sumDelay":2175.0,"avrDelay":241.66666666666666,"maxDelay":1439.0,"avrWaitLength":6.635046296296296}