{"countUnloaded":30,"countLoose":2,"countLiquid":3,"countContainer":1,"totalFine":3429000,"sumWaitDuration":95.0,"avrWaitDuration":3.1666666666666665,"sumDelay":1483.0,"avrDelay":49.43333333333333,"maxDelay":1283.0,"avrWaitLength":12.59925925925926}