{"countUnloaded":195,"countLoose":2,"countLiquid":2,"countContainer":1,"totalFine":37400,"sumWaitDuration":230.0,"avrWaitDuration":1.1794871794871795,"sumDelay":2551.0,"avrDelay":13.082051282051282,"maxDelay":1428.0,"avrWaitLength":0.27699074074074076}