{"countUnloaded":13,"countLoose":3,"countLiquid":1,"countContainer":1,"totalFine":501500,"sumWaitDuration":16.0,"avrWaitDuration":1.2307692307692308,"sumDelay":1418.0,"avrDelay":109.07692307692308,"maxDelay":1363.0,"avrWaitLength":3.4336805555555556}