{"countUnloaded":223,"countLoose":2,"countLiquid":4,"countContainer":1,"totalFine":30100,"sumWaitDuration":303.0,"avrWaitDuration":1.358744394618834,"sumDelay":2080.0,"avrDelay":9.327354260089686,"maxDelay":1427.0,"avrWaitLength":0.3577314814814815}