{"countUnloaded":231,"countLoose":3,"countLiquid":3,"countContainer":1,"totalFine":32200,"sumWaitDuration":367.0,"avrWaitDuration":1.5887445887445888,"sumDelay":2996.0,"avrDelay":12.969696969696969,"maxDelay":1437.0,"avrWaitLength":0.7000694444444444}