{"countUnloaded":67,"countLoose":2,"countLiquid":8,"countContainer":1,"totalFine":17560600,"sumWaitDuration":527.0,"avrWaitDuration":7.865671641791045,"sumDelay":1652.0,"avrDelay":24.65671641791045,"maxDelay":1439.0,"avrWaitLength":2.9002083333333335}