{"countUnloaded":202,"countLoose":2,"countLiquid":3,"countContainer":1,"totalFine":21900,"sumWaitDuration":205.0,"avrWaitDuration":1.0148514851485149,"sumDelay":1330.0,"avrDelay":6.584158415841584,"maxDelay":1439.0,"avrWaitLength":0.2937962962962963}