{"countUnloaded":21,"countLoose":1,"countLiquid":1,"countContainer":1,"totalFine":740300,"sumWaitDuration":82.0,"avrWaitDuration":3.9047619047619047,"sumDelay":1699.0,"avrDelay":80.9047619047619,"maxDelay":1427.0,"avrWaitLength":1.8051157407407408}