{"countUnloaded":7,"countLoose":2,"countLiquid":1,"countContainer":1,"totalFine":985700,"sumWaitDuration":59.0,"avrWaitDuration":8.428571428571429,"sumDelay":3112.0,"avrDelay":444.57142857142856,"maxDelay":1269.0,"avrWaitLength":0.23030092592592594}