{"countUnloaded":153,"countLoose":2,"countLiquid":2,"countContainer":1,"totalFine":35000,"sumWaitDuration":260.0,"avrWaitDuration":1.6993464052287581,"sumDelay":1274.0,"avrDelay":8.326797385620916,"maxDelay":1426.0,"avrWaitLength":0.19013888888888889}