{"countUnloaded":59,"countLoose":1,"countLiquid":2,"countContainer":1,"totalFine":1583600,"sumWaitDuration":345.0,"avrWaitDuration":5.8474576271186445,"sumDelay":3026.0,"avrDelay":51.28813559322034,"maxDelay":1407.0,"avrWaitLength":1.0196759259259258}