{"countUnloaded":227,"countLoose":5,"countLiquid":4,"countContainer":1,"totalFine":25500,"sumWaitDuration":489.0,"avrWaitDuration":2.154185022026432,"sumDelay":2787.0,"avrDelay":12.277533039647578,"maxDelay":1439.0,"avrWaitLength":1.4584722222222222}