{"countUnloaded":36,"countLoose":2,"countLiquid":1,"countContainer":1,"totalFine":896900,"sumWaitDuration":444.0,"avrWaitDuration":12.333333333333334,"sumDelay":1852.0,"avrDelay":51.44444444444444,"maxDelay":1433.0,"avrWaitLength":0.6665046296296296}