{"countUnloaded":63,"countLoose":1,"countLiquid":1,"countContainer":1,"totalFine":1456800,"sumWaitDuration":587.0,"avrWaitDuration":9.317460317460318,"sumDelay":1671.0,"avrDelay":26.523809523809526,"maxDelay":1420.0,"avrWaitLength":0.2579166666666667}