{"countUnloaded":35,"countLoose":1,"countLiquid":1,"countContainer":1,"totalFine":606800,"sumWaitDuration":366.0,"avrWaitDuration":10.457142857142857,"sumDelay":2670.0,"avrDelay":76.28571428571429,"maxDelay":1437.0,"avrWaitLength":0.2684722222222222}